TITLE,user_id,@@@,CREATE_TIME,CREATOR,EDITOR,EDIT_TIME,ENCRYPTIONPHONE_TEXT,STATUS,TARGET_CODE,TARGET_TIME
SOURCE DATA,1,@@@,2022-04-1314:58:19.591175,insert_test2函数所造test,,2022-04-1314:58:19.591175,1a2b3c4d5e6f7g8h9i1,True,,2019-08-1014:36:23
TARGET DATA,1,@@@,2022-04-1314:58:19.591175,insert_test2函数所造test,,2022-04-1314:58:19.591175,1a2b3c4d5e6f7g8h9i1,True,,2019-08-1014:36:23
|VALIDATE  SUCCESS|
SOURCE DATA,2,@@@,2022-04-1314:58:19.591175,insert_test2函数所造test,,2022-04-1314:58:19.591175,1a2b3c4d5e6f7g8h9i2,True,,2019-08-1014:36:24
TARGET DATA,2,@@@,2022-04-1314:58:19.591175,insert_test2函数所造test,,2022-04-1314:58:19.591175,1a2b3c4d5e6f7g8h9i2,True,,2019-08-1014:36:24
|VALIDATE  SUCCESS|
SOURCE DATA,3,@@@,2022-04-1314:58:19.591175,insert_test2函数所造test,,2022-04-1314:58:19.591175,1a2b3c4d5e6f7g8h9i3,True,,2019-08-1014:36:25
TARGET DATA,3,@@@,2022-04-1314:58:19.591175,insert_test2函数所造test,,2022-04-1314:58:19.591175,1a2b3c4d5e6f7g8h9i3,True,,2019-08-1014:36:25
|VALIDATE  SUCCESS|
SOURCE DATA,4,@@@,2022-04-1314:58:19.591175,insert_test2函数所造test,,2022-04-1314:58:19.591175,1a2b3c4d5e6f7g8h9i4,True,,2019-08-1014:36:26
TARGET DATA,4,@@@,2022-04-1314:58:19.591175,insert_test2函数所造test,,2022-04-1314:58:19.591175,1a2b3c4d5e6f7g8h9i4,True,,2019-08-1014:36:26
|VALIDATE  SUCCESS|
SOURCE DATA,5,@@@,2022-04-1314:58:19.591175,insert_test2函数所造test,,2022-04-1314:58:19.591175,1a2b3c4d5e6f7g8h9i5,True,,2019-08-1014:36:27
TARGET DATA,5,@@@,2022-04-1314:58:19.591175,insert_test2函数所造test,,2022-04-1314:58:19.591175,1a2b3c4d5e6f7g8h9i5,True,,2019-08-1014:36:27
|VALIDATE  SUCCESS|
SOURCE DATA,6,@@@,2022-04-1314:58:19.591175,insert_test2函数所造test,,2022-04-1314:58:19.591175,1a2b3c4d5e6f7g8h9i6,True,,2019-08-1014:36:28
TARGET DATA,6,@@@,2022-04-1314:58:19.591175,insert_test2函数所造test,,2022-04-1314:58:19.591175,1a2b3c4d5e6f7g8h9i6,True,,2019-08-1014:36:28
|VALIDATE  SUCCESS|
SOURCE DATA,7,@@@,2022-04-1314:58:19.591175,insert_test2函数所造test,,2022-04-1314:58:19.591175,1a2b3c4d5e6f7g8h9i7,True,,2019-08-1014:36:29
TARGET DATA,7,@@@,2022-04-1314:58:19.591175,insert_test2函数所造test,,2022-04-1314:58:19.591175,1a2b3c4d5e6f7g8h9i7,True,,2019-08-1014:36:29
|VALIDATE  SUCCESS|
SOURCE DATA,8,@@@,2022-04-1314:58:19.591175,insert_test2函数所造test,,2022-04-1314:58:19.591175,1a2b3c4d5e6f7g8h9i8,True,,2019-08-1014:36:30
TARGET DATA,8,@@@,2022-04-1314:58:19.591175,insert_test2函数所造test,,2022-04-1314:58:19.591175,1a2b3c4d5e6f7g8h9i8,True,,2019-08-1014:36:30
|VALIDATE  SUCCESS|
SOURCE DATA,9,@@@,2022-04-1314:58:19.591175,insert_test2函数所造test,,2022-04-1314:58:19.591175,1a2b3c4d5e6f7g8h9i9,True,,2019-08-1014:36:31
TARGET DATA,9,@@@,2022-04-1314:58:19.591175,insert_test2函数所造test,,2022-04-1314:58:19.591175,1a2b3c4d5e6f7g8h9i9,True,,2019-08-1014:36:31
|VALIDATE  SUCCESS|
SOURCE DATA,10,@@@,2022-04-1314:58:19.591175,insert_test2函数所造test,,2022-04-1314:58:19.591175,1a2b3c4d5e6f7g8h9i10,True,,2019-08-1014:36:32
TARGET DATA,10,@@@,2022-04-1314:58:19.591175,insert_test2函数所造test,,2022-04-1314:58:19.591175,1a2b3c4d5e6f7g8h9i10,True,,2019-08-1014:36:32
|VALIDATE  SUCCESS|
SOURCE DATA,11,@@@,2022-04-1314:58:19.591175,insert_test2函数所造test,,2022-04-1314:58:19.591175,1a2b3c4d5e6f7g8h9i11,True,,2019-08-1014:36:33
TARGET DATA,11,@@@,2022-04-1314:58:19.591175,insert_test2函数所造test,,2022-04-1314:58:19.591175,1a2b3c4d5e6f7g8h9i11,True,,2019-08-1014:36:33
|VALIDATE  SUCCESS|
SOURCE DATA,12,@@@,2022-04-1314:58:19.591175,insert_test2函数所造test,,2022-04-1314:58:19.591175,1a2b3c4d5e6f7g8h9i12,True,,2019-08-1014:36:34
TARGET DATA,12,@@@,2022-04-1314:58:19.591175,insert_test2函数所造test,,2022-04-1314:58:19.591175,1a2b3c4d5e6f7g8h9i12,True,,2019-08-1014:36:34
|VALIDATE  SUCCESS|
SOURCE DATA,13,@@@,2022-04-1314:58:19.591175,insert_test2函数所造test,,2022-04-1314:58:19.591175,1a2b3c4d5e6f7g8h9i13,True,,2019-08-1014:36:35
TARGET DATA,13,@@@,2022-04-1314:58:19.591175,insert_test2函数所造test,,2022-04-1314:58:19.591175,1a2b3c4d5e6f7g8h9i13,True,,2019-08-1014:36:35
|VALIDATE  SUCCESS|
SOURCE DATA,14,@@@,2022-04-1314:58:19.591175,insert_test2函数所造test,,2022-04-1314:58:19.591175,1a2b3c4d5e6f7g8h9i14,True,,2019-08-1014:36:36
TARGET DATA,14,@@@,2022-04-1314:58:19.591175,insert_test2函数所造test,,2022-04-1314:58:19.591175,1a2b3c4d5e6f7g8h9i14,True,,2019-08-1014:36:36
|VALIDATE  SUCCESS|
SOURCE DATA,15,@@@,2022-04-1314:58:19.591175,insert_test2函数所造test,,2022-04-1314:58:19.591175,1a2b3c4d5e6f7g8h9i15,True,,2019-08-1014:36:37
TARGET DATA,15,@@@,2022-04-1314:58:19.591175,insert_test2函数所造test,,2022-04-1314:58:19.591175,1a2b3c4d5e6f7g8h9i15,True,,2019-08-1014:36:37
|VALIDATE  SUCCESS|
SOURCE DATA,16,@@@,2022-04-1314:58:19.591175,insert_test2函数所造test,,2022-04-1314:58:19.591175,1a2b3c4d5e6f7g8h9i16,True,,2019-08-1014:36:38
TARGET DATA,16,@@@,2022-04-1314:58:19.591175,insert_test2函数所造test,,2022-04-1314:58:19.591175,1a2b3c4d5e6f7g8h9i16,True,,2019-08-1014:36:38
|VALIDATE  SUCCESS|
SOURCE DATA,17,@@@,2022-04-1314:58:19.591175,insert_test2函数所造test,,2022-04-1314:58:19.591175,1a2b3c4d5e6f7g8h9i17,True,,2019-08-1014:36:39
TARGET DATA,17,@@@,2022-04-1314:58:19.591175,insert_test2函数所造test,,2022-04-1314:58:19.591175,1a2b3c4d5e6f7g8h9i17,True,,2019-08-1014:36:39
|VALIDATE  SUCCESS|
SOURCE DATA,18,@@@,2022-04-1314:58:19.591175,insert_test2函数所造test,,2022-04-1314:58:19.591175,1a2b3c4d5e6f7g8h9i18,True,,2019-08-1014:36:40
TARGET DATA,18,@@@,2022-04-1314:58:19.591175,insert_test2函数所造test,,2022-04-1314:58:19.591175,1a2b3c4d5e6f7g8h9i18,True,,2019-08-1014:36:40
|VALIDATE  SUCCESS|
SOURCE DATA,19,@@@,2022-04-1314:58:19.591175,insert_test2函数所造test,,2022-04-1314:58:19.591175,1a2b3c4d5e6f7g8h9i19,True,,2019-08-1014:36:41
TARGET DATA,19,@@@,2022-04-1314:58:19.591175,insert_test2函数所造test,,2022-04-1314:58:19.591175,1a2b3c4d5e6f7g8h9i19,True,,2019-08-1014:36:41
|VALIDATE  SUCCESS|
SOURCE DATA,20,@@@,2022-04-1314:58:19.591175,insert_test2函数所造test,,2022-04-1314:58:19.591175,1a2b3c4d5e6f7g8h9i20,True,,2019-08-1014:36:42
TARGET DATA,20,@@@,2022-04-1314:58:19.591175,insert_test2函数所造test,,2022-04-1314:58:19.591175,1a2b3c4d5e6f7g8h9i20,True,,2019-08-1014:36:42
|VALIDATE  SUCCESS|
SOURCE DATA,21,@@@,2022-04-1314:58:19.591175,insert_test2函数所造test,,2022-04-1314:58:19.591175,1a2b3c4d5e6f7g8h9i21,True,,2019-08-1014:36:43
TARGET DATA,21,@@@,2022-04-1314:58:19.591175,insert_test2函数所造test,,2022-04-1314:58:19.591175,1a2b3c4d5e6f7g8h9i21,True,,2019-08-1014:36:43
|VALIDATE  SUCCESS|
SOURCE DATA,22,@@@,2022-04-1314:58:19.591175,insert_test2函数所造test,,2022-04-1314:58:19.591175,1a2b3c4d5e6f7g8h9i22,True,,2019-08-1014:36:44
TARGET DATA,22,@@@,2022-04-1314:58:19.591175,insert_test2函数所造test,,2022-04-1314:58:19.591175,1a2b3c4d5e6f7g8h9i22,True,,2019-08-1014:36:44
|VALIDATE  SUCCESS|
SOURCE DATA,23,@@@,2022-04-1314:58:19.591175,insert_test2函数所造test,,2022-04-1314:58:19.591175,1a2b3c4d5e6f7g8h9i23,True,,2019-08-1014:36:45
TARGET DATA,23,@@@,2022-04-1314:58:19.591175,insert_test2函数所造test,,2022-04-1314:58:19.591175,1a2b3c4d5e6f7g8h9i23,True,,2019-08-1014:36:45
|VALIDATE  SUCCESS|
SOURCE DATA,24,@@@,2022-04-1314:58:19.591175,insert_test2函数所造test,,2022-04-1314:58:19.591175,1a2b3c4d5e6f7g8h9i24,True,,2019-08-1014:36:46
TARGET DATA,24,@@@,2022-04-1314:58:19.591175,insert_test2函数所造test,,2022-04-1314:58:19.591175,1a2b3c4d5e6f7g8h9i24,True,,2019-08-1014:36:46
|VALIDATE  SUCCESS|
SOURCE DATA,25,@@@,2022-04-1314:58:19.591175,insert_test2函数所造test,,2022-04-1314:58:19.591175,1a2b3c4d5e6f7g8h9i25,True,,2019-08-1014:36:47
TARGET DATA,25,@@@,2022-04-1314:58:19.591175,insert_test2函数所造test,,2022-04-1314:58:19.591175,1a2b3c4d5e6f7g8h9i25,True,,2019-08-1014:36:47
|VALIDATE  SUCCESS|
SOURCE DATA,26,@@@,2022-04-1314:58:19.591175,insert_test2函数所造test,,2022-04-1314:58:19.591175,1a2b3c4d5e6f7g8h9i26,True,,2019-08-1014:36:48
TARGET DATA,26,@@@,2022-04-1314:58:19.591175,insert_test2函数所造test,,2022-04-1314:58:19.591175,1a2b3c4d5e6f7g8h9i26,True,,2019-08-1014:36:48
|VALIDATE  SUCCESS|
SOURCE DATA,27,@@@,2022-04-1314:58:19.591175,insert_test2函数所造test,,2022-04-1314:58:19.591175,1a2b3c4d5e6f7g8h9i27,True,,2019-08-1014:36:49
TARGET DATA,27,@@@,2022-04-1314:58:19.591175,insert_test2函数所造test,,2022-04-1314:58:19.591175,1a2b3c4d5e6f7g8h9i27,True,,2019-08-1014:36:49
|VALIDATE  SUCCESS|
SOURCE DATA,28,@@@,2022-04-1314:58:19.591175,insert_test2函数所造test,,2022-04-1314:58:19.591175,1a2b3c4d5e6f7g8h9i28,True,,2019-08-1014:36:50
TARGET DATA,28,@@@,2022-04-1314:58:19.591175,insert_test2函数所造test,,2022-04-1314:58:19.591175,1a2b3c4d5e6f7g8h9i28,True,,2019-08-1014:36:50
|VALIDATE  SUCCESS|
SOURCE DATA,29,@@@,2022-04-1314:58:19.591175,insert_test2函数所造test,,2022-04-1314:58:19.591175,1a2b3c4d5e6f7g8h9i29,True,,2019-08-1014:36:51
TARGET DATA,29,@@@,2022-04-1314:58:19.591175,insert_test2函数所造test,,2022-04-1314:58:19.591175,1a2b3c4d5e6f7g8h9i29,True,,2019-08-1014:36:51
|VALIDATE  SUCCESS|
SOURCE DATA,30,@@@,2022-04-1314:58:19.591175,insert_test2函数所造test,,2022-04-1314:58:19.591175,1a2b3c4d5e6f7g8h9i30,True,,2019-08-1014:36:52
TARGET DATA,30,@@@,2022-04-1314:58:19.591175,insert_test2函数所造test,,2022-04-1314:58:19.591175,1a2b3c4d5e6f7g8h9i30,True,,2019-08-1014:36:52
|VALIDATE  SUCCESS|
SOURCE DATA,31,@@@,2022-04-1314:58:19.591175,insert_test2函数所造test,,2022-04-1314:58:19.591175,1a2b3c4d5e6f7g8h9i31,True,,2019-08-1014:36:53
TARGET DATA,31,@@@,2022-04-1314:58:19.591175,insert_test2函数所造test,,2022-04-1314:58:19.591175,1a2b3c4d5e6f7g8h9i31,True,,2019-08-1014:36:53
|VALIDATE  SUCCESS|
SOURCE DATA,32,@@@,2022-04-1314:58:19.591175,insert_test2函数所造test,,2022-04-1314:58:19.591175,1a2b3c4d5e6f7g8h9i32,True,,2019-08-1014:36:54
TARGET DATA,32,@@@,2022-04-1314:58:19.591175,insert_test2函数所造test,,2022-04-1314:58:19.591175,1a2b3c4d5e6f7g8h9i32,True,,2019-08-1014:36:54
|VALIDATE  SUCCESS|
SOURCE DATA,33,@@@,2022-04-1314:58:19.591175,insert_test2函数所造test,,2022-04-1314:58:19.591175,1a2b3c4d5e6f7g8h9i33,True,,2019-08-1014:36:55
TARGET DATA,33,@@@,2022-04-1314:58:19.591175,insert_test2函数所造test,,2022-04-1314:58:19.591175,1a2b3c4d5e6f7g8h9i33,True,,2019-08-1014:36:55
|VALIDATE  SUCCESS|
SOURCE DATA,34,@@@,2022-04-1314:58:19.591175,insert_test2函数所造test,,2022-04-1314:58:19.591175,1a2b3c4d5e6f7g8h9i34,True,,2019-08-1014:36:56
TARGET DATA,34,@@@,2022-04-1314:58:19.591175,insert_test2函数所造test,,2022-04-1314:58:19.591175,1a2b3c4d5e6f7g8h9i34,True,,2019-08-1014:36:56
|VALIDATE  SUCCESS|
SOURCE DATA,35,@@@,2022-04-1314:58:19.591175,insert_test2函数所造test,,2022-04-1314:58:19.591175,1a2b3c4d5e6f7g8h9i35,True,,2019-08-1014:36:57
TARGET DATA,35,@@@,2022-04-1314:58:19.591175,insert_test2函数所造test,,2022-04-1314:58:19.591175,1a2b3c4d5e6f7g8h9i35,True,,2019-08-1014:36:57
|VALIDATE  SUCCESS|
SOURCE DATA,36,@@@,2022-04-1314:58:19.591175,insert_test2函数所造test,,2022-04-1314:58:19.591175,1a2b3c4d5e6f7g8h9i36,True,,2019-08-1014:36:58
TARGET DATA,36,@@@,2022-04-1314:58:19.591175,insert_test2函数所造test,,2022-04-1314:58:19.591175,1a2b3c4d5e6f7g8h9i36,True,,2019-08-1014:36:58
|VALIDATE  SUCCESS|
SOURCE DATA,37,@@@,2022-04-1314:58:19.591175,insert_test2函数所造test,,2022-04-1314:58:19.591175,1a2b3c4d5e6f7g8h9i37,True,,2019-08-1014:36:59
TARGET DATA,37,@@@,2022-04-1314:58:19.591175,insert_test2函数所造test,,2022-04-1314:58:19.591175,1a2b3c4d5e6f7g8h9i37,True,,2019-08-1014:36:59
|VALIDATE  SUCCESS|
SOURCE DATA,38,@@@,2022-04-1314:58:19.591175,insert_test2函数所造test,,2022-04-1314:58:19.591175,1a2b3c4d5e6f7g8h9i38,True,,2019-08-1014:37:00
TARGET DATA,38,@@@,2022-04-1314:58:19.591175,insert_test2函数所造test,,2022-04-1314:58:19.591175,1a2b3c4d5e6f7g8h9i38,True,,2019-08-1014:37:00
|VALIDATE  SUCCESS|
SOURCE DATA,39,@@@,2022-04-1314:58:19.591175,insert_test2函数所造test,,2022-04-1314:58:19.591175,1a2b3c4d5e6f7g8h9i39,True,,2019-08-1014:37:01
TARGET DATA,39,@@@,2022-04-1314:58:19.591175,insert_test2函数所造test,,2022-04-1314:58:19.591175,1a2b3c4d5e6f7g8h9i39,True,,2019-08-1014:37:01
|VALIDATE  SUCCESS|
SOURCE DATA,40,@@@,2022-04-1314:58:19.591175,insert_test2函数所造test,,2022-04-1314:58:19.591175,1a2b3c4d5e6f7g8h9i40,True,,2019-08-1014:37:02
TARGET DATA,40,@@@,2022-04-1314:58:19.591175,insert_test2函数所造test,,2022-04-1314:58:19.591175,1a2b3c4d5e6f7g8h9i40,True,,2019-08-1014:37:02
|VALIDATE  SUCCESS|
SOURCE DATA,41,@@@,2022-04-1314:58:19.591175,insert_test2函数所造test,,2022-04-1314:58:19.591175,1a2b3c4d5e6f7g8h9i41,True,,2019-08-1014:37:03
TARGET DATA,41,@@@,2022-04-1314:58:19.591175,insert_test2函数所造test,,2022-04-1314:58:19.591175,1a2b3c4d5e6f7g8h9i41,True,,2019-08-1014:37:03
|VALIDATE  SUCCESS|
SOURCE DATA,42,@@@,2022-04-1314:58:19.591175,insert_test2函数所造test,,2022-04-1314:58:19.591175,1a2b3c4d5e6f7g8h9i42,True,,2019-08-1014:37:04
TARGET DATA,42,@@@,2022-04-1314:58:19.591175,insert_test2函数所造test,,2022-04-1314:58:19.591175,1a2b3c4d5e6f7g8h9i42,True,,2019-08-1014:37:04
|VALIDATE  SUCCESS|
SOURCE DATA,43,@@@,2022-04-1314:58:19.591175,insert_test2函数所造test,,2022-04-1314:58:19.591175,1a2b3c4d5e6f7g8h9i43,True,,2019-08-1014:37:05
TARGET DATA,43,@@@,2022-04-1314:58:19.591175,insert_test2函数所造test,,2022-04-1314:58:19.591175,1a2b3c4d5e6f7g8h9i43,True,,2019-08-1014:37:05
|VALIDATE  SUCCESS|
SOURCE DATA,44,@@@,2022-04-1314:58:19.591175,insert_test2函数所造test,,2022-04-1314:58:19.591175,1a2b3c4d5e6f7g8h9i44,True,,2019-08-1014:37:06
TARGET DATA,44,@@@,2022-04-1314:58:19.591175,insert_test2函数所造test,,2022-04-1314:58:19.591175,1a2b3c4d5e6f7g8h9i44,True,,2019-08-1014:37:06
|VALIDATE  SUCCESS|
SOURCE DATA,45,@@@,2022-04-1314:58:19.591175,insert_test2函数所造test,,2022-04-1314:58:19.591175,1a2b3c4d5e6f7g8h9i45,True,,2019-08-1014:37:07
TARGET DATA,45,@@@,2022-04-1314:58:19.591175,insert_test2函数所造test,,2022-04-1314:58:19.591175,1a2b3c4d5e6f7g8h9i45,True,,2019-08-1014:37:07
|VALIDATE  SUCCESS|
SOURCE DATA,46,@@@,2022-04-1314:58:19.591175,insert_test2函数所造test,,2022-04-1314:58:19.591175,1a2b3c4d5e6f7g8h9i46,True,,2019-08-1014:37:08
TARGET DATA,46,@@@,2022-04-1314:58:19.591175,insert_test2函数所造test,,2022-04-1314:58:19.591175,1a2b3c4d5e6f7g8h9i46,True,,2019-08-1014:37:08
|VALIDATE  SUCCESS|
SOURCE DATA,47,@@@,2022-04-1314:58:19.591175,insert_test2函数所造test,,2022-04-1314:58:19.591175,1a2b3c4d5e6f7g8h9i47,True,,2019-08-1014:37:09
TARGET DATA,47,@@@,2022-04-1314:58:19.591175,insert_test2函数所造test,,2022-04-1314:58:19.591175,1a2b3c4d5e6f7g8h9i47,True,,2019-08-1014:37:09
|VALIDATE  SUCCESS|
SOURCE DATA,48,@@@,2022-04-1314:58:19.591175,insert_test2函数所造test,,2022-04-1314:58:19.591175,1a2b3c4d5e6f7g8h9i48,True,,2019-08-1014:37:10
TARGET DATA,48,@@@,2022-04-1314:58:19.591175,insert_test2函数所造test,,2022-04-1314:58:19.591175,1a2b3c4d5e6f7g8h9i48,True,,2019-08-1014:37:10
|VALIDATE  SUCCESS|
SOURCE DATA,49,@@@,2022-04-1314:58:19.591175,insert_test2函数所造test,,2022-04-1314:58:19.591175,1a2b3c4d5e6f7g8h9i49,True,,2019-08-1014:37:11
TARGET DATA,49,@@@,2022-04-1314:58:19.591175,insert_test2函数所造test,,2022-04-1314:58:19.591175,1a2b3c4d5e6f7g8h9i49,True,,2019-08-1014:37:11
|VALIDATE  SUCCESS|
SOURCE DATA,50,@@@,2022-04-1314:58:19.591175,insert_test2函数所造test,,2022-04-1314:58:19.591175,1a2b3c4d5e6f7g8h9i50,True,,2019-08-1014:37:12
TARGET DATA,50,@@@,2022-04-1314:58:19.591175,insert_test2函数所造test,,2022-04-1314:58:19.591175,1a2b3c4d5e6f7g8h9i50,True,,2019-08-1014:37:12
|VALIDATE  SUCCESS|
SOURCE DATA,51,@@@,2022-04-1314:58:19.591175,insert_test2函数所造test,,2022-04-1314:58:19.591175,1a2b3c4d5e6f7g8h9i51,True,,2019-08-1014:37:13
TARGET DATA,51,@@@,2022-04-1314:58:19.591175,insert_test2函数所造test,,2022-04-1314:58:19.591175,1a2b3c4d5e6f7g8h9i51,True,,2019-08-1014:37:13
|VALIDATE  SUCCESS|
SOURCE DATA,52,@@@,2022-04-1314:58:19.591175,insert_test2函数所造test,,2022-04-1314:58:19.591175,1a2b3c4d5e6f7g8h9i52,True,,2019-08-1014:37:14
TARGET DATA,52,@@@,2022-04-1314:58:19.591175,insert_test2函数所造test,,2022-04-1314:58:19.591175,1a2b3c4d5e6f7g8h9i52,True,,2019-08-1014:37:14
|VALIDATE  SUCCESS|
SOURCE DATA,53,@@@,2022-04-1314:58:19.591175,insert_test2函数所造test,,2022-04-1314:58:19.591175,1a2b3c4d5e6f7g8h9i53,True,,2019-08-1014:37:15
TARGET DATA,53,@@@,2022-04-1314:58:19.591175,insert_test2函数所造test,,2022-04-1314:58:19.591175,1a2b3c4d5e6f7g8h9i53,True,,2019-08-1014:37:15
|VALIDATE  SUCCESS|
SOURCE DATA,54,@@@,2022-04-1314:58:19.591175,insert_test2函数所造test,,2022-04-1314:58:19.591175,1a2b3c4d5e6f7g8h9i54,True,,2019-08-1014:37:16
TARGET DATA,54,@@@,2022-04-1314:58:19.591175,insert_test2函数所造test,,2022-04-1314:58:19.591175,1a2b3c4d5e6f7g8h9i54,True,,2019-08-1014:37:16
|VALIDATE  SUCCESS|
SOURCE DATA,55,@@@,2022-04-1314:58:19.591175,insert_test2函数所造test,,2022-04-1314:58:19.591175,1a2b3c4d5e6f7g8h9i55,True,,2019-08-1014:37:17
TARGET DATA,55,@@@,2022-04-1314:58:19.591175,insert_test2函数所造test,,2022-04-1314:58:19.591175,1a2b3c4d5e6f7g8h9i55,True,,2019-08-1014:37:17
|VALIDATE  SUCCESS|
SOURCE DATA,56,@@@,2022-04-1314:58:19.591175,insert_test2函数所造test,,2022-04-1314:58:19.591175,1a2b3c4d5e6f7g8h9i56,True,,2019-08-1014:37:18
TARGET DATA,56,@@@,2022-04-1314:58:19.591175,insert_test2函数所造test,,2022-04-1314:58:19.591175,1a2b3c4d5e6f7g8h9i56,True,,2019-08-1014:37:18
|VALIDATE  SUCCESS|
SOURCE DATA,57,@@@,2022-04-1314:58:19.591175,insert_test2函数所造test,,2022-04-1314:58:19.591175,1a2b3c4d5e6f7g8h9i57,True,,2019-08-1014:37:19
TARGET DATA,57,@@@,2022-04-1314:58:19.591175,insert_test2函数所造test,,2022-04-1314:58:19.591175,1a2b3c4d5e6f7g8h9i57,True,,2019-08-1014:37:19
|VALIDATE  SUCCESS|
SOURCE DATA,58,@@@,2022-04-1314:58:19.591175,insert_test2函数所造test,,2022-04-1314:58:19.591175,1a2b3c4d5e6f7g8h9i58,True,,2019-08-1014:37:20
TARGET DATA,58,@@@,2022-04-1314:58:19.591175,insert_test2函数所造test,,2022-04-1314:58:19.591175,1a2b3c4d5e6f7g8h9i58,True,,2019-08-1014:37:20
|VALIDATE  SUCCESS|
SOURCE DATA,59,@@@,2022-04-1314:58:19.591175,insert_test2函数所造test,,2022-04-1314:58:19.591175,1a2b3c4d5e6f7g8h9i59,True,,2019-08-1014:37:21
TARGET DATA,59,@@@,2022-04-1314:58:19.591175,insert_test2函数所造test,,2022-04-1314:58:19.591175,1a2b3c4d5e6f7g8h9i59,True,,2019-08-1014:37:21
|VALIDATE  SUCCESS|
SOURCE DATA,60,@@@,2022-04-1314:58:19.591175,insert_test2函数所造test,,2022-04-1314:58:19.591175,1a2b3c4d5e6f7g8h9i60,True,,2019-08-1014:37:22
TARGET DATA,60,@@@,2022-04-1314:58:19.591175,insert_test2函数所造test,,2022-04-1314:58:19.591175,1a2b3c4d5e6f7g8h9i60,True,,2019-08-1014:37:22
|VALIDATE  SUCCESS|
SOURCE DATA,61,@@@,2022-04-1314:58:19.591175,insert_test2函数所造test,,2022-04-1314:58:19.591175,1a2b3c4d5e6f7g8h9i61,True,,2019-08-1014:37:23
TARGET DATA,61,@@@,2022-04-1314:58:19.591175,insert_test2函数所造test,,2022-04-1314:58:19.591175,1a2b3c4d5e6f7g8h9i61,True,,2019-08-1014:37:23
|VALIDATE  SUCCESS|
SOURCE DATA,62,@@@,2022-04-1314:58:19.591175,insert_test2函数所造test,,2022-04-1314:58:19.591175,1a2b3c4d5e6f7g8h9i62,True,,2019-08-1014:37:24
TARGET DATA,62,@@@,2022-04-1314:58:19.591175,insert_test2函数所造test,,2022-04-1314:58:19.591175,1a2b3c4d5e6f7g8h9i62,True,,2019-08-1014:37:24
|VALIDATE  SUCCESS|
SOURCE DATA,63,@@@,2022-04-1314:58:19.591175,insert_test2函数所造test,,2022-04-1314:58:19.591175,1a2b3c4d5e6f7g8h9i63,True,,2019-08-1014:37:25
TARGET DATA,63,@@@,2022-04-1314:58:19.591175,insert_test2函数所造test,,2022-04-1314:58:19.591175,1a2b3c4d5e6f7g8h9i63,True,,2019-08-1014:37:25
|VALIDATE  SUCCESS|
SOURCE DATA,64,@@@,2022-04-1314:58:19.591175,insert_test2函数所造test,,2022-04-1314:58:19.591175,1a2b3c4d5e6f7g8h9i64,True,,2019-08-1014:37:26
TARGET DATA,64,@@@,2022-04-1314:58:19.591175,insert_test2函数所造test,,2022-04-1314:58:19.591175,1a2b3c4d5e6f7g8h9i64,True,,2019-08-1014:37:26
|VALIDATE  SUCCESS|
SOURCE DATA,65,@@@,2022-04-1314:58:19.591175,insert_test2函数所造test,,2022-04-1314:58:19.591175,1a2b3c4d5e6f7g8h9i65,True,,2019-08-1014:37:27
TARGET DATA,65,@@@,2022-04-1314:58:19.591175,insert_test2函数所造test,,2022-04-1314:58:19.591175,1a2b3c4d5e6f7g8h9i65,True,,2019-08-1014:37:27
|VALIDATE  SUCCESS|
SOURCE DATA,66,@@@,2022-04-1314:58:19.591175,insert_test2函数所造test,,2022-04-1314:58:19.591175,1a2b3c4d5e6f7g8h9i66,True,,2019-08-1014:37:28
TARGET DATA,66,@@@,2022-04-1314:58:19.591175,insert_test2函数所造test,,2022-04-1314:58:19.591175,1a2b3c4d5e6f7g8h9i66,True,,2019-08-1014:37:28
|VALIDATE  SUCCESS|
SOURCE DATA,67,@@@,2022-04-1314:58:19.591175,insert_test2函数所造test,,2022-04-1314:58:19.591175,1a2b3c4d5e6f7g8h9i67,True,,2019-08-1014:37:29
TARGET DATA,67,@@@,2022-04-1314:58:19.591175,insert_test2函数所造test,,2022-04-1314:58:19.591175,1a2b3c4d5e6f7g8h9i67,True,,2019-08-1014:37:29
|VALIDATE  SUCCESS|
SOURCE DATA,68,@@@,2022-04-1314:58:19.591175,insert_test2函数所造test,,2022-04-1314:58:19.591175,1a2b3c4d5e6f7g8h9i68,True,,2019-08-1014:37:30
TARGET DATA,68,@@@,2022-04-1314:58:19.591175,insert_test2函数所造test,,2022-04-1314:58:19.591175,1a2b3c4d5e6f7g8h9i68,True,,2019-08-1014:37:30
|VALIDATE  SUCCESS|
SOURCE DATA,69,@@@,2022-04-1314:58:19.591175,insert_test2函数所造test,,2022-04-1314:58:19.591175,1a2b3c4d5e6f7g8h9i69,True,,2019-08-1014:37:31
TARGET DATA,69,@@@,2022-04-1314:58:19.591175,insert_test2函数所造test,,2022-04-1314:58:19.591175,1a2b3c4d5e6f7g8h9i69,True,,2019-08-1014:37:31
|VALIDATE  SUCCESS|
SOURCE DATA,70,@@@,2022-04-1314:58:19.591175,insert_test2函数所造test,,2022-04-1314:58:19.591175,1a2b3c4d5e6f7g8h9i70,True,,2019-08-1014:37:32
TARGET DATA,70,@@@,2022-04-1314:58:19.591175,insert_test2函数所造test,,2022-04-1314:58:19.591175,1a2b3c4d5e6f7g8h9i70,True,,2019-08-1014:37:32
|VALIDATE  SUCCESS|
SOURCE DATA,71,@@@,2022-04-1314:58:19.591175,insert_test2函数所造test,,2022-04-1314:58:19.591175,1a2b3c4d5e6f7g8h9i71,True,,2019-08-1014:37:33
TARGET DATA,71,@@@,2022-04-1314:58:19.591175,insert_test2函数所造test,,2022-04-1314:58:19.591175,1a2b3c4d5e6f7g8h9i71,True,,2019-08-1014:37:33
|VALIDATE  SUCCESS|
SOURCE DATA,72,@@@,2022-04-1314:58:19.591175,insert_test2函数所造test,,2022-04-1314:58:19.591175,1a2b3c4d5e6f7g8h9i72,True,,2019-08-1014:37:34
TARGET DATA,72,@@@,2022-04-1314:58:19.591175,insert_test2函数所造test,,2022-04-1314:58:19.591175,1a2b3c4d5e6f7g8h9i72,True,,2019-08-1014:37:34
|VALIDATE  SUCCESS|
SOURCE DATA,73,@@@,2022-04-1314:58:19.591175,insert_test2函数所造test,,2022-04-1314:58:19.591175,1a2b3c4d5e6f7g8h9i73,True,,2019-08-1014:37:35
TARGET DATA,73,@@@,2022-04-1314:58:19.591175,insert_test2函数所造test,,2022-04-1314:58:19.591175,1a2b3c4d5e6f7g8h9i73,True,,2019-08-1014:37:35
|VALIDATE  SUCCESS|
SOURCE DATA,74,@@@,2022-04-1314:58:19.591175,insert_test2函数所造test,,2022-04-1314:58:19.591175,1a2b3c4d5e6f7g8h9i74,True,,2019-08-1014:37:36
TARGET DATA,74,@@@,2022-04-1314:58:19.591175,insert_test2函数所造test,,2022-04-1314:58:19.591175,1a2b3c4d5e6f7g8h9i74,True,,2019-08-1014:37:36
|VALIDATE  SUCCESS|
SOURCE DATA,75,@@@,2022-04-1314:58:19.591175,insert_test2函数所造test,,2022-04-1314:58:19.591175,1a2b3c4d5e6f7g8h9i75,True,,2019-08-1014:37:37
TARGET DATA,75,@@@,2022-04-1314:58:19.591175,insert_test2函数所造test,,2022-04-1314:58:19.591175,1a2b3c4d5e6f7g8h9i75,True,,2019-08-1014:37:37
|VALIDATE  SUCCESS|
SOURCE DATA,76,@@@,2022-04-1314:58:19.591175,insert_test2函数所造test,,2022-04-1314:58:19.591175,1a2b3c4d5e6f7g8h9i76,True,,2019-08-1014:37:38
TARGET DATA,76,@@@,2022-04-1314:58:19.591175,insert_test2函数所造test,,2022-04-1314:58:19.591175,1a2b3c4d5e6f7g8h9i76,True,,2019-08-1014:37:38
|VALIDATE  SUCCESS|
SOURCE DATA,77,@@@,2022-04-1314:58:19.591175,insert_test2函数所造test,,2022-04-1314:58:19.591175,1a2b3c4d5e6f7g8h9i77,True,,2019-08-1014:37:39
TARGET DATA,77,@@@,2022-04-1314:58:19.591175,insert_test2函数所造test,,2022-04-1314:58:19.591175,1a2b3c4d5e6f7g8h9i77,True,,2019-08-1014:37:39
|VALIDATE  SUCCESS|
SOURCE DATA,78,@@@,2022-04-1314:58:19.591175,insert_test2函数所造test,,2022-04-1314:58:19.591175,1a2b3c4d5e6f7g8h9i78,True,,2019-08-1014:37:40
TARGET DATA,78,@@@,2022-04-1314:58:19.591175,insert_test2函数所造test,,2022-04-1314:58:19.591175,1a2b3c4d5e6f7g8h9i78,True,,2019-08-1014:37:40
|VALIDATE  SUCCESS|
SOURCE DATA,79,@@@,2022-04-1314:58:19.591175,insert_test2函数所造test,,2022-04-1314:58:19.591175,1a2b3c4d5e6f7g8h9i79,True,,2019-08-1014:37:41
TARGET DATA,79,@@@,2022-04-1314:58:19.591175,insert_test2函数所造test,,2022-04-1314:58:19.591175,1a2b3c4d5e6f7g8h9i79,True,,2019-08-1014:37:41
|VALIDATE  SUCCESS|
SOURCE DATA,80,@@@,2022-04-1314:58:19.591175,insert_test2函数所造test,,2022-04-1314:58:19.591175,1a2b3c4d5e6f7g8h9i80,True,,2019-08-1014:37:42
TARGET DATA,80,@@@,2022-04-1314:58:19.591175,insert_test2函数所造test,,2022-04-1314:58:19.591175,1a2b3c4d5e6f7g8h9i80,True,,2019-08-1014:37:42
|VALIDATE  SUCCESS|
SOURCE DATA,81,@@@,2022-04-1314:58:19.591175,insert_test2函数所造test,,2022-04-1314:58:19.591175,1a2b3c4d5e6f7g8h9i81,True,,2019-08-1014:37:43
TARGET DATA,81,@@@,2022-04-1314:58:19.591175,insert_test2函数所造test,,2022-04-1314:58:19.591175,1a2b3c4d5e6f7g8h9i81,True,,2019-08-1014:37:43
|VALIDATE  SUCCESS|
SOURCE DATA,82,@@@,2022-04-1314:58:19.591175,insert_test2函数所造test,,2022-04-1314:58:19.591175,1a2b3c4d5e6f7g8h9i82,True,,2019-08-1014:37:44
TARGET DATA,82,@@@,2022-04-1314:58:19.591175,insert_test2函数所造test,,2022-04-1314:58:19.591175,1a2b3c4d5e6f7g8h9i82,True,,2019-08-1014:37:44
|VALIDATE  SUCCESS|
SOURCE DATA,83,@@@,2022-04-1314:58:19.591175,insert_test2函数所造test,,2022-04-1314:58:19.591175,1a2b3c4d5e6f7g8h9i83,True,,2019-08-1014:37:45
TARGET DATA,83,@@@,2022-04-1314:58:19.591175,insert_test2函数所造test,,2022-04-1314:58:19.591175,1a2b3c4d5e6f7g8h9i83,True,,2019-08-1014:37:45
|VALIDATE  SUCCESS|
SOURCE DATA,84,@@@,2022-04-1314:58:19.591175,insert_test2函数所造test,,2022-04-1314:58:19.591175,1a2b3c4d5e6f7g8h9i84,True,,2019-08-1014:37:46
TARGET DATA,84,@@@,2022-04-1314:58:19.591175,insert_test2函数所造test,,2022-04-1314:58:19.591175,1a2b3c4d5e6f7g8h9i84,True,,2019-08-1014:37:46
|VALIDATE  SUCCESS|
SOURCE DATA,85,@@@,2022-04-1314:58:19.591175,insert_test2函数所造test,,2022-04-1314:58:19.591175,1a2b3c4d5e6f7g8h9i85,True,,2019-08-1014:37:47
TARGET DATA,85,@@@,2022-04-1314:58:19.591175,insert_test2函数所造test,,2022-04-1314:58:19.591175,1a2b3c4d5e6f7g8h9i85,True,,2019-08-1014:37:47
|VALIDATE  SUCCESS|
SOURCE DATA,86,@@@,2022-04-1314:58:19.591175,insert_test2函数所造test,,2022-04-1314:58:19.591175,1a2b3c4d5e6f7g8h9i86,True,,2019-08-1014:37:48
TARGET DATA,86,@@@,2022-04-1314:58:19.591175,insert_test2函数所造test,,2022-04-1314:58:19.591175,1a2b3c4d5e6f7g8h9i86,True,,2019-08-1014:37:48
|VALIDATE  SUCCESS|
SOURCE DATA,87,@@@,2022-04-1314:58:19.591175,insert_test2函数所造test,,2022-04-1314:58:19.591175,1a2b3c4d5e6f7g8h9i87,True,,2019-08-1014:37:49
TARGET DATA,87,@@@,2022-04-1314:58:19.591175,insert_test2函数所造test,,2022-04-1314:58:19.591175,1a2b3c4d5e6f7g8h9i87,True,,2019-08-1014:37:49
|VALIDATE  SUCCESS|
SOURCE DATA,88,@@@,2022-04-1314:58:19.591175,insert_test2函数所造test,,2022-04-1314:58:19.591175,1a2b3c4d5e6f7g8h9i88,True,,2019-08-1014:37:50
TARGET DATA,88,@@@,2022-04-1314:58:19.591175,insert_test2函数所造test,,2022-04-1314:58:19.591175,1a2b3c4d5e6f7g8h9i88,True,,2019-08-1014:37:50
|VALIDATE  SUCCESS|
SOURCE DATA,89,@@@,2022-04-1314:58:19.591175,insert_test2函数所造test,,2022-04-1314:58:19.591175,1a2b3c4d5e6f7g8h9i89,True,,2019-08-1014:37:51
TARGET DATA,89,@@@,2022-04-1314:58:19.591175,insert_test2函数所造test,,2022-04-1314:58:19.591175,1a2b3c4d5e6f7g8h9i89,True,,2019-08-1014:37:51
|VALIDATE  SUCCESS|
SOURCE DATA,90,@@@,2022-04-1314:58:19.591175,insert_test2函数所造test,,2022-04-1314:58:19.591175,1a2b3c4d5e6f7g8h9i90,True,,2019-08-1014:37:52
TARGET DATA,90,@@@,2022-04-1314:58:19.591175,insert_test2函数所造test,,2022-04-1314:58:19.591175,1a2b3c4d5e6f7g8h9i90,True,,2019-08-1014:37:52
|VALIDATE  SUCCESS|
SOURCE DATA,91,@@@,2022-04-1314:58:19.591175,insert_test2函数所造test,,2022-04-1314:58:19.591175,1a2b3c4d5e6f7g8h9i91,True,,2019-08-1014:37:53
TARGET DATA,91,@@@,2022-04-1314:58:19.591175,insert_test2函数所造test,,2022-04-1314:58:19.591175,1a2b3c4d5e6f7g8h9i91,True,,2019-08-1014:37:53
|VALIDATE  SUCCESS|
SOURCE DATA,92,@@@,2022-04-1314:58:19.591175,insert_test2函数所造test,,2022-04-1314:58:19.591175,1a2b3c4d5e6f7g8h9i92,True,,2019-08-1014:37:54
TARGET DATA,92,@@@,2022-04-1314:58:19.591175,insert_test2函数所造test,,2022-04-1314:58:19.591175,1a2b3c4d5e6f7g8h9i92,True,,2019-08-1014:37:54
|VALIDATE  SUCCESS|
SOURCE DATA,93,@@@,2022-04-1314:58:19.591175,insert_test2函数所造test,,2022-04-1314:58:19.591175,1a2b3c4d5e6f7g8h9i93,True,,2019-08-1014:37:55
TARGET DATA,93,@@@,2022-04-1314:58:19.591175,insert_test2函数所造test,,2022-04-1314:58:19.591175,1a2b3c4d5e6f7g8h9i93,True,,2019-08-1014:37:55
|VALIDATE  SUCCESS|
SOURCE DATA,94,@@@,2022-04-1314:58:19.591175,insert_test2函数所造test,,2022-04-1314:58:19.591175,1a2b3c4d5e6f7g8h9i94,True,,2019-08-1014:37:56
TARGET DATA,94,@@@,2022-04-1314:58:19.591175,insert_test2函数所造test,,2022-04-1314:58:19.591175,1a2b3c4d5e6f7g8h9i94,True,,2019-08-1014:37:56
|VALIDATE  SUCCESS|
SOURCE DATA,95,@@@,2022-04-1314:58:19.591175,insert_test2函数所造test,,2022-04-1314:58:19.591175,1a2b3c4d5e6f7g8h9i95,True,,2019-08-1014:37:57
TARGET DATA,95,@@@,2022-04-1314:58:19.591175,insert_test2函数所造test,,2022-04-1314:58:19.591175,1a2b3c4d5e6f7g8h9i95,True,,2019-08-1014:37:57
|VALIDATE  SUCCESS|
SOURCE DATA,96,@@@,2022-04-1314:58:19.591175,insert_test2函数所造test,,2022-04-1314:58:19.591175,1a2b3c4d5e6f7g8h9i96,True,,2019-08-1014:37:58
TARGET DATA,96,@@@,2022-04-1314:58:19.591175,insert_test2函数所造test,,2022-04-1314:58:19.591175,1a2b3c4d5e6f7g8h9i96,True,,2019-08-1014:37:58
|VALIDATE  SUCCESS|
SOURCE DATA,97,@@@,2022-04-1314:58:19.591175,insert_test2函数所造test,,2022-04-1314:58:19.591175,1a2b3c4d5e6f7g8h9i97,True,,2019-08-1014:37:59
TARGET DATA,97,@@@,2022-04-1314:58:19.591175,insert_test2函数所造test,,2022-04-1314:58:19.591175,1a2b3c4d5e6f7g8h9i97,True,,2019-08-1014:37:59
|VALIDATE  SUCCESS|
SOURCE DATA,98,@@@,2022-04-1314:58:19.591175,insert_test2函数所造test,,2022-04-1314:58:19.591175,1a2b3c4d5e6f7g8h9i98,True,,2019-08-1014:38:00
TARGET DATA,98,@@@,2022-04-1314:58:19.591175,insert_test2函数所造test,,2022-04-1314:58:19.591175,1a2b3c4d5e6f7g8h9i98,True,,2019-08-1014:38:00
|VALIDATE  SUCCESS|
SOURCE DATA,99,@@@,2022-04-1314:58:19.591175,insert_test2函数所造test,,2022-04-1314:58:19.591175,1a2b3c4d5e6f7g8h9i99,True,,2019-08-1014:38:01
TARGET DATA,99,@@@,2022-04-1314:58:19.591175,insert_test2函数所造test,,2022-04-1314:58:19.591175,1a2b3c4d5e6f7g8h9i99,True,,2019-08-1014:38:01
|VALIDATE  SUCCESS|
SOURCE DATA,100,@@@,2022-04-1314:58:19.591175,insert_test2函数所造test,,2022-04-1314:58:19.591175,1a2b3c4d5e6f7g8h9i100,True,,2019-08-1014:38:02
TARGET DATA,100,@@@,2022-04-1314:58:19.591175,insert_test2函数所造test,,2022-04-1314:58:19.591175,1a2b3c4d5e6f7g8h9i100,True,,2019-08-1014:38:02
|VALIDATE  SUCCESS|
SOURCE DATA,101,@@@,2022-04-1314:58:19.591175,insert_test2函数所造test,,2022-04-1314:58:19.591175,1a2b3c4d5e6f7g8h9i101,True,,2019-08-1014:38:03
TARGET DATA,101,@@@,2022-04-1314:58:19.591175,insert_test2函数所造test,,2022-04-1314:58:19.591175,1a2b3c4d5e6f7g8h9i101,True,,2019-08-1014:38:03
|VALIDATE  SUCCESS|
SOURCE DATA,102,@@@,2022-04-1314:58:19.591175,insert_test2函数所造test,,2022-04-1314:58:19.591175,1a2b3c4d5e6f7g8h9i102,True,,2019-08-1014:38:04
TARGET DATA,102,@@@,2022-04-1314:58:19.591175,insert_test2函数所造test,,2022-04-1314:58:19.591175,1a2b3c4d5e6f7g8h9i102,True,,2019-08-1014:38:04
|VALIDATE  SUCCESS|
SOURCE DATA,103,@@@,2022-04-1314:58:19.591175,insert_test2函数所造test,,2022-04-1314:58:19.591175,1a2b3c4d5e6f7g8h9i103,True,,2019-08-1014:38:05
TARGET DATA,103,@@@,2022-04-1314:58:19.591175,insert_test2函数所造test,,2022-04-1314:58:19.591175,1a2b3c4d5e6f7g8h9i103,True,,2019-08-1014:38:05
|VALIDATE  SUCCESS|
SOURCE DATA,104,@@@,2022-04-1314:58:19.591175,insert_test2函数所造test,,2022-04-1314:58:19.591175,1a2b3c4d5e6f7g8h9i104,True,,2019-08-1014:38:06
TARGET DATA,104,@@@,2022-04-1314:58:19.591175,insert_test2函数所造test,,2022-04-1314:58:19.591175,1a2b3c4d5e6f7g8h9i104,True,,2019-08-1014:38:06
|VALIDATE  SUCCESS|
SOURCE DATA,105,@@@,2022-04-1314:58:19.591175,insert_test2函数所造test,,2022-04-1314:58:19.591175,1a2b3c4d5e6f7g8h9i105,True,,2019-08-1014:38:07
TARGET DATA,105,@@@,2022-04-1314:58:19.591175,insert_test2函数所造test,,2022-04-1314:58:19.591175,1a2b3c4d5e6f7g8h9i105,True,,2019-08-1014:38:07
|VALIDATE  SUCCESS|
SOURCE DATA,106,@@@,2022-04-1314:58:19.591175,insert_test2函数所造test,,2022-04-1314:58:19.591175,1a2b3c4d5e6f7g8h9i106,True,,2019-08-1014:38:08
TARGET DATA,106,@@@,2022-04-1314:58:19.591175,insert_test2函数所造test,,2022-04-1314:58:19.591175,1a2b3c4d5e6f7g8h9i106,True,,2019-08-1014:38:08
|VALIDATE  SUCCESS|
SOURCE DATA,107,@@@,2022-04-1314:58:19.591175,insert_test2函数所造test,,2022-04-1314:58:19.591175,1a2b3c4d5e6f7g8h9i107,True,,2019-08-1014:38:09
TARGET DATA,107,@@@,2022-04-1314:58:19.591175,insert_test2函数所造test,,2022-04-1314:58:19.591175,1a2b3c4d5e6f7g8h9i107,True,,2019-08-1014:38:09
|VALIDATE  SUCCESS|
SOURCE DATA,108,@@@,2022-04-1314:58:19.591175,insert_test2函数所造test,,2022-04-1314:58:19.591175,1a2b3c4d5e6f7g8h9i108,True,,2019-08-1014:38:10
TARGET DATA,108,@@@,2022-04-1314:58:19.591175,insert_test2函数所造test,,2022-04-1314:58:19.591175,1a2b3c4d5e6f7g8h9i108,True,,2019-08-1014:38:10
|VALIDATE  SUCCESS|
SOURCE DATA,109,@@@,2022-04-1314:58:19.591175,insert_test2函数所造test,,2022-04-1314:58:19.591175,1a2b3c4d5e6f7g8h9i109,True,,2019-08-1014:38:11
TARGET DATA,109,@@@,2022-04-1314:58:19.591175,insert_test2函数所造test,,2022-04-1314:58:19.591175,1a2b3c4d5e6f7g8h9i109,True,,2019-08-1014:38:11
|VALIDATE  SUCCESS|
SOURCE DATA,110,@@@,2022-04-1314:58:19.591175,insert_test2函数所造test,,2022-04-1314:58:19.591175,1a2b3c4d5e6f7g8h9i110,True,,2019-08-1014:38:12
TARGET DATA,110,@@@,2022-04-1314:58:19.591175,insert_test2函数所造test,,2022-04-1314:58:19.591175,1a2b3c4d5e6f7g8h9i110,True,,2019-08-1014:38:12
|VALIDATE  SUCCESS|
SOURCE DATA,111,@@@,2022-04-1314:58:19.591175,insert_test2函数所造test,,2022-04-1314:58:19.591175,1a2b3c4d5e6f7g8h9i111,True,,2019-08-1014:38:13
TARGET DATA,111,@@@,2022-04-1314:58:19.591175,insert_test2函数所造test,,2022-04-1314:58:19.591175,1a2b3c4d5e6f7g8h9i111,True,,2019-08-1014:38:13
|VALIDATE  SUCCESS|
SOURCE DATA,112,@@@,2022-04-1314:58:19.591175,insert_test2函数所造test,,2022-04-1314:58:19.591175,1a2b3c4d5e6f7g8h9i112,True,,2019-08-1014:38:14
TARGET DATA,112,@@@,2022-04-1314:58:19.591175,insert_test2函数所造test,,2022-04-1314:58:19.591175,1a2b3c4d5e6f7g8h9i112,True,,2019-08-1014:38:14
|VALIDATE  SUCCESS|
SOURCE DATA,113,@@@,2022-04-1314:58:19.591175,insert_test2函数所造test,,2022-04-1314:58:19.591175,1a2b3c4d5e6f7g8h9i113,True,,2019-08-1014:38:15
TARGET DATA,113,@@@,2022-04-1314:58:19.591175,insert_test2函数所造test,,2022-04-1314:58:19.591175,1a2b3c4d5e6f7g8h9i113,True,,2019-08-1014:38:15
|VALIDATE  SUCCESS|
SOURCE DATA,114,@@@,2022-04-1314:58:19.591175,insert_test2函数所造test,,2022-04-1314:58:19.591175,1a2b3c4d5e6f7g8h9i114,True,,2019-08-1014:38:16
TARGET DATA,114,@@@,2022-04-1314:58:19.591175,insert_test2函数所造test,,2022-04-1314:58:19.591175,1a2b3c4d5e6f7g8h9i114,True,,2019-08-1014:38:16
|VALIDATE  SUCCESS|
SOURCE DATA,115,@@@,2022-04-1314:58:19.591175,insert_test2函数所造test,,2022-04-1314:58:19.591175,1a2b3c4d5e6f7g8h9i115,True,,2019-08-1014:38:17
TARGET DATA,115,@@@,2022-04-1314:58:19.591175,insert_test2函数所造test,,2022-04-1314:58:19.591175,1a2b3c4d5e6f7g8h9i115,True,,2019-08-1014:38:17
|VALIDATE  SUCCESS|
SOURCE DATA,116,@@@,2022-04-1314:58:19.591175,insert_test2函数所造test,,2022-04-1314:58:19.591175,1a2b3c4d5e6f7g8h9i116,True,,2019-08-1014:38:18
TARGET DATA,116,@@@,2022-04-1314:58:19.591175,insert_test2函数所造test,,2022-04-1314:58:19.591175,1a2b3c4d5e6f7g8h9i116,True,,2019-08-1014:38:18
|VALIDATE  SUCCESS|
SOURCE DATA,117,@@@,2022-04-1314:58:19.591175,insert_test2函数所造test,,2022-04-1314:58:19.591175,1a2b3c4d5e6f7g8h9i117,True,,2019-08-1014:38:19
TARGET DATA,117,@@@,2022-04-1314:58:19.591175,insert_test2函数所造test,,2022-04-1314:58:19.591175,1a2b3c4d5e6f7g8h9i117,True,,2019-08-1014:38:19
|VALIDATE  SUCCESS|
SOURCE DATA,118,@@@,2022-04-1314:58:19.591175,insert_test2函数所造test,,2022-04-1314:58:19.591175,1a2b3c4d5e6f7g8h9i118,True,,2019-08-1014:38:20
TARGET DATA,118,@@@,2022-04-1314:58:19.591175,insert_test2函数所造test,,2022-04-1314:58:19.591175,1a2b3c4d5e6f7g8h9i118,True,,2019-08-1014:38:20
|VALIDATE  SUCCESS|
SOURCE DATA,119,@@@,2022-04-1314:58:19.591175,insert_test2函数所造test,,2022-04-1314:58:19.591175,1a2b3c4d5e6f7g8h9i119,True,,2019-08-1014:38:21
TARGET DATA,119,@@@,2022-04-1314:58:19.591175,insert_test2函数所造test,,2022-04-1314:58:19.591175,1a2b3c4d5e6f7g8h9i119,True,,2019-08-1014:38:21
|VALIDATE  SUCCESS|
SOURCE DATA,120,@@@,2022-04-1314:58:19.591175,insert_test2函数所造test,,2022-04-1314:58:19.591175,1a2b3c4d5e6f7g8h9i120,True,,2019-08-1014:38:22
TARGET DATA,120,@@@,2022-04-1314:58:19.591175,insert_test2函数所造test,,2022-04-1314:58:19.591175,1a2b3c4d5e6f7g8h9i120,True,,2019-08-1014:38:22
|VALIDATE  SUCCESS|
SOURCE DATA,121,@@@,2022-04-1314:58:19.591175,insert_test2函数所造test,,2022-04-1314:58:19.591175,1a2b3c4d5e6f7g8h9i121,True,,2019-08-1014:38:23
TARGET DATA,121,@@@,2022-04-1314:58:19.591175,insert_test2函数所造test,,2022-04-1314:58:19.591175,1a2b3c4d5e6f7g8h9i121,True,,2019-08-1014:38:23
|VALIDATE  SUCCESS|
SOURCE DATA,122,@@@,2022-04-1314:58:19.591175,insert_test2函数所造test,,2022-04-1314:58:19.591175,1a2b3c4d5e6f7g8h9i122,True,,2019-08-1014:38:24
TARGET DATA,122,@@@,2022-04-1314:58:19.591175,insert_test2函数所造test,,2022-04-1314:58:19.591175,1a2b3c4d5e6f7g8h9i122,True,,2019-08-1014:38:24
|VALIDATE  SUCCESS|
SOURCE DATA,123,@@@,2022-04-1314:58:19.591175,insert_test2函数所造test,,2022-04-1314:58:19.591175,1a2b3c4d5e6f7g8h9i123,True,,2019-08-1014:38:25
TARGET DATA,123,@@@,2022-04-1314:58:19.591175,insert_test2函数所造test,,2022-04-1314:58:19.591175,1a2b3c4d5e6f7g8h9i123,True,,2019-08-1014:38:25
|VALIDATE  SUCCESS|
SOURCE DATA,124,@@@,2022-04-1314:58:19.591175,insert_test2函数所造test,,2022-04-1314:58:19.591175,1a2b3c4d5e6f7g8h9i124,True,,2019-08-1014:38:26
TARGET DATA,124,@@@,2022-04-1314:58:19.591175,insert_test2函数所造test,,2022-04-1314:58:19.591175,1a2b3c4d5e6f7g8h9i124,True,,2019-08-1014:38:26
|VALIDATE  SUCCESS|
SOURCE DATA,125,@@@,2022-04-1314:58:19.591175,insert_test2函数所造test,,2022-04-1314:58:19.591175,1a2b3c4d5e6f7g8h9i125,True,,2019-08-1014:38:27
TARGET DATA,125,@@@,2022-04-1314:58:19.591175,insert_test2函数所造test,,2022-04-1314:58:19.591175,1a2b3c4d5e6f7g8h9i125,True,,2019-08-1014:38:27
|VALIDATE  SUCCESS|
SOURCE DATA,126,@@@,2022-04-1314:58:19.591175,insert_test2函数所造test,,2022-04-1314:58:19.591175,1a2b3c4d5e6f7g8h9i126,True,,2019-08-1014:38:28
TARGET DATA,126,@@@,2022-04-1314:58:19.591175,insert_test2函数所造test,,2022-04-1314:58:19.591175,1a2b3c4d5e6f7g8h9i126,True,,2019-08-1014:38:28
|VALIDATE  SUCCESS|
SOURCE DATA,127,@@@,2022-04-1314:58:19.591175,insert_test2函数所造test,,2022-04-1314:58:19.591175,1a2b3c4d5e6f7g8h9i127,True,,2019-08-1014:38:29
TARGET DATA,127,@@@,2022-04-1314:58:19.591175,insert_test2函数所造test,,2022-04-1314:58:19.591175,1a2b3c4d5e6f7g8h9i127,True,,2019-08-1014:38:29
|VALIDATE  SUCCESS|
SOURCE DATA,128,@@@,2022-04-1314:58:19.591175,insert_test2函数所造test,,2022-04-1314:58:19.591175,1a2b3c4d5e6f7g8h9i128,True,,2019-08-1014:38:30
TARGET DATA,128,@@@,2022-04-1314:58:19.591175,insert_test2函数所造test,,2022-04-1314:58:19.591175,1a2b3c4d5e6f7g8h9i128,True,,2019-08-1014:38:30
|VALIDATE  SUCCESS|
SOURCE DATA,129,@@@,2022-04-1314:58:19.591175,insert_test2函数所造test,,2022-04-1314:58:19.591175,1a2b3c4d5e6f7g8h9i129,True,,2019-08-1014:38:31
TARGET DATA,129,@@@,2022-04-1314:58:19.591175,insert_test2函数所造test,,2022-04-1314:58:19.591175,1a2b3c4d5e6f7g8h9i129,True,,2019-08-1014:38:31
|VALIDATE  SUCCESS|
SOURCE DATA,130,@@@,2022-04-1314:58:19.591175,insert_test2函数所造test,,2022-04-1314:58:19.591175,1a2b3c4d5e6f7g8h9i130,True,,2019-08-1014:38:32
TARGET DATA,130,@@@,2022-04-1314:58:19.591175,insert_test2函数所造test,,2022-04-1314:58:19.591175,1a2b3c4d5e6f7g8h9i130,True,,2019-08-1014:38:32
|VALIDATE  SUCCESS|
SOURCE DATA,131,@@@,2022-04-1314:58:19.591175,insert_test2函数所造test,,2022-04-1314:58:19.591175,1a2b3c4d5e6f7g8h9i131,True,,2019-08-1014:38:33
TARGET DATA,131,@@@,2022-04-1314:58:19.591175,insert_test2函数所造test,,2022-04-1314:58:19.591175,1a2b3c4d5e6f7g8h9i131,True,,2019-08-1014:38:33
|VALIDATE  SUCCESS|
SOURCE DATA,132,@@@,2022-04-1314:58:19.591175,insert_test2函数所造test,,2022-04-1314:58:19.591175,1a2b3c4d5e6f7g8h9i132,True,,2019-08-1014:38:34
TARGET DATA,132,@@@,2022-04-1314:58:19.591175,insert_test2函数所造test,,2022-04-1314:58:19.591175,1a2b3c4d5e6f7g8h9i132,True,,2019-08-1014:38:34
|VALIDATE  SUCCESS|
SOURCE DATA,133,@@@,2022-04-1314:58:19.591175,insert_test2函数所造test,,2022-04-1314:58:19.591175,1a2b3c4d5e6f7g8h9i133,True,,2019-08-1014:38:35
TARGET DATA,133,@@@,2022-04-1314:58:19.591175,insert_test2函数所造test,,2022-04-1314:58:19.591175,1a2b3c4d5e6f7g8h9i133,True,,2019-08-1014:38:35
|VALIDATE  SUCCESS|
SOURCE DATA,134,@@@,2022-04-1314:58:19.591175,insert_test2函数所造test,,2022-04-1314:58:19.591175,1a2b3c4d5e6f7g8h9i134,True,,2019-08-1014:38:36
TARGET DATA,134,@@@,2022-04-1314:58:19.591175,insert_test2函数所造test,,2022-04-1314:58:19.591175,1a2b3c4d5e6f7g8h9i134,True,,2019-08-1014:38:36
|VALIDATE  SUCCESS|
SOURCE DATA,135,@@@,2022-04-1314:58:19.591175,insert_test2函数所造test,,2022-04-1314:58:19.591175,1a2b3c4d5e6f7g8h9i135,True,,2019-08-1014:38:37
TARGET DATA,135,@@@,2022-04-1314:58:19.591175,insert_test2函数所造test,,2022-04-1314:58:19.591175,1a2b3c4d5e6f7g8h9i135,True,,2019-08-1014:38:37
|VALIDATE  SUCCESS|
SOURCE DATA,136,@@@,2022-04-1314:58:19.591175,insert_test2函数所造test,,2022-04-1314:58:19.591175,1a2b3c4d5e6f7g8h9i136,True,,2019-08-1014:38:38
TARGET DATA,136,@@@,2022-04-1314:58:19.591175,insert_test2函数所造test,,2022-04-1314:58:19.591175,1a2b3c4d5e6f7g8h9i136,True,,2019-08-1014:38:38
|VALIDATE  SUCCESS|
SOURCE DATA,137,@@@,2022-04-1314:58:19.591175,insert_test2函数所造test,,2022-04-1314:58:19.591175,1a2b3c4d5e6f7g8h9i137,True,,2019-08-1014:38:39
TARGET DATA,137,@@@,2022-04-1314:58:19.591175,insert_test2函数所造test,,2022-04-1314:58:19.591175,1a2b3c4d5e6f7g8h9i137,True,,2019-08-1014:38:39
|VALIDATE  SUCCESS|
SOURCE DATA,138,@@@,2022-04-1314:58:19.591175,insert_test2函数所造test,,2022-04-1314:58:19.591175,1a2b3c4d5e6f7g8h9i138,True,,2019-08-1014:38:40
TARGET DATA,138,@@@,2022-04-1314:58:19.591175,insert_test2函数所造test,,2022-04-1314:58:19.591175,1a2b3c4d5e6f7g8h9i138,True,,2019-08-1014:38:40
|VALIDATE  SUCCESS|
SOURCE DATA,139,@@@,2022-04-1314:58:19.591175,insert_test2函数所造test,,2022-04-1314:58:19.591175,1a2b3c4d5e6f7g8h9i139,True,,2019-08-1014:38:41
TARGET DATA,139,@@@,2022-04-1314:58:19.591175,insert_test2函数所造test,,2022-04-1314:58:19.591175,1a2b3c4d5e6f7g8h9i139,True,,2019-08-1014:38:41
|VALIDATE  SUCCESS|
SOURCE DATA,140,@@@,2022-04-1314:58:19.591175,insert_test2函数所造test,,2022-04-1314:58:19.591175,1a2b3c4d5e6f7g8h9i140,True,,2019-08-1014:38:42
TARGET DATA,140,@@@,2022-04-1314:58:19.591175,insert_test2函数所造test,,2022-04-1314:58:19.591175,1a2b3c4d5e6f7g8h9i140,True,,2019-08-1014:38:42
|VALIDATE  SUCCESS|
SOURCE DATA,141,@@@,2022-04-1314:58:19.591175,insert_test2函数所造test,,2022-04-1314:58:19.591175,1a2b3c4d5e6f7g8h9i141,True,,2019-08-1014:38:43
TARGET DATA,141,@@@,2022-04-1314:58:19.591175,insert_test2函数所造test,,2022-04-1314:58:19.591175,1a2b3c4d5e6f7g8h9i141,True,,2019-08-1014:38:43
|VALIDATE  SUCCESS|
SOURCE DATA,142,@@@,2022-04-1314:58:19.591175,insert_test2函数所造test,,2022-04-1314:58:19.591175,1a2b3c4d5e6f7g8h9i142,True,,2019-08-1014:38:44
TARGET DATA,142,@@@,2022-04-1314:58:19.591175,insert_test2函数所造test,,2022-04-1314:58:19.591175,1a2b3c4d5e6f7g8h9i142,True,,2019-08-1014:38:44
|VALIDATE  SUCCESS|
SOURCE DATA,143,@@@,2022-04-1314:58:19.591175,insert_test2函数所造test,,2022-04-1314:58:19.591175,1a2b3c4d5e6f7g8h9i143,True,,2019-08-1014:38:45
TARGET DATA,143,@@@,2022-04-1314:58:19.591175,insert_test2函数所造test,,2022-04-1314:58:19.591175,1a2b3c4d5e6f7g8h9i143,True,,2019-08-1014:38:45
|VALIDATE  SUCCESS|
SOURCE DATA,144,@@@,2022-04-1314:58:19.591175,insert_test2函数所造test,,2022-04-1314:58:19.591175,1a2b3c4d5e6f7g8h9i144,True,,2019-08-1014:38:46
TARGET DATA,144,@@@,2022-04-1314:58:19.591175,insert_test2函数所造test,,2022-04-1314:58:19.591175,1a2b3c4d5e6f7g8h9i144,True,,2019-08-1014:38:46
|VALIDATE  SUCCESS|
SOURCE DATA,145,@@@,2022-04-1314:58:19.591175,insert_test2函数所造test,,2022-04-1314:58:19.591175,1a2b3c4d5e6f7g8h9i145,True,,2019-08-1014:38:47
TARGET DATA,145,@@@,2022-04-1314:58:19.591175,insert_test2函数所造test,,2022-04-1314:58:19.591175,1a2b3c4d5e6f7g8h9i145,True,,2019-08-1014:38:47
|VALIDATE  SUCCESS|
SOURCE DATA,146,@@@,2022-04-1314:58:19.591175,insert_test2函数所造test,,2022-04-1314:58:19.591175,1a2b3c4d5e6f7g8h9i146,True,,2019-08-1014:38:48
TARGET DATA,146,@@@,2022-04-1314:58:19.591175,insert_test2函数所造test,,2022-04-1314:58:19.591175,1a2b3c4d5e6f7g8h9i146,True,,2019-08-1014:38:48
|VALIDATE  SUCCESS|
SOURCE DATA,147,@@@,2022-04-1314:58:19.591175,insert_test2函数所造test,,2022-04-1314:58:19.591175,1a2b3c4d5e6f7g8h9i147,True,,2019-08-1014:38:49
TARGET DATA,147,@@@,2022-04-1314:58:19.591175,insert_test2函数所造test,,2022-04-1314:58:19.591175,1a2b3c4d5e6f7g8h9i147,True,,2019-08-1014:38:49
|VALIDATE  SUCCESS|
SOURCE DATA,148,@@@,2022-04-1314:58:19.591175,insert_test2函数所造test,,2022-04-1314:58:19.591175,1a2b3c4d5e6f7g8h9i148,True,,2019-08-1014:38:50
TARGET DATA,148,@@@,2022-04-1314:58:19.591175,insert_test2函数所造test,,2022-04-1314:58:19.591175,1a2b3c4d5e6f7g8h9i148,True,,2019-08-1014:38:50
|VALIDATE  SUCCESS|
SOURCE DATA,149,@@@,2022-04-1314:58:19.591175,insert_test2函数所造test,,2022-04-1314:58:19.591175,1a2b3c4d5e6f7g8h9i149,True,,2019-08-1014:38:51
TARGET DATA,149,@@@,2022-04-1314:58:19.591175,insert_test2函数所造test,,2022-04-1314:58:19.591175,1a2b3c4d5e6f7g8h9i149,True,,2019-08-1014:38:51
|VALIDATE  SUCCESS|
SOURCE DATA,150,@@@,2022-04-1314:58:19.591175,insert_test2函数所造test,,2022-04-1314:58:19.591175,1a2b3c4d5e6f7g8h9i150,True,,2019-08-1014:38:52
TARGET DATA,150,@@@,2022-04-1314:58:19.591175,insert_test2函数所造test,,2022-04-1314:58:19.591175,1a2b3c4d5e6f7g8h9i150,True,,2019-08-1014:38:52
|VALIDATE  SUCCESS|
SOURCE DATA,151,@@@,2022-04-1314:58:19.591175,insert_test2函数所造test,,2022-04-1314:58:19.591175,1a2b3c4d5e6f7g8h9i151,True,,2019-08-1014:38:53
TARGET DATA,151,@@@,2022-04-1314:58:19.591175,insert_test2函数所造test,,2022-04-1314:58:19.591175,1a2b3c4d5e6f7g8h9i151,True,,2019-08-1014:38:53
|VALIDATE  SUCCESS|
SOURCE DATA,152,@@@,2022-04-1314:58:19.591175,insert_test2函数所造test,,2022-04-1314:58:19.591175,1a2b3c4d5e6f7g8h9i152,True,,2019-08-1014:38:54
TARGET DATA,152,@@@,2022-04-1314:58:19.591175,insert_test2函数所造test,,2022-04-1314:58:19.591175,1a2b3c4d5e6f7g8h9i152,True,,2019-08-1014:38:54
|VALIDATE  SUCCESS|
SOURCE DATA,153,@@@,2022-04-1314:58:19.591175,insert_test2函数所造test,,2022-04-1314:58:19.591175,1a2b3c4d5e6f7g8h9i153,True,,2019-08-1014:38:55
TARGET DATA,153,@@@,2022-04-1314:58:19.591175,insert_test2函数所造test,,2022-04-1314:58:19.591175,1a2b3c4d5e6f7g8h9i153,True,,2019-08-1014:38:55
|VALIDATE  SUCCESS|
SOURCE DATA,154,@@@,2022-04-1314:58:19.591175,insert_test2函数所造test,,2022-04-1314:58:19.591175,1a2b3c4d5e6f7g8h9i154,True,,2019-08-1014:38:56
TARGET DATA,154,@@@,2022-04-1314:58:19.591175,insert_test2函数所造test,,2022-04-1314:58:19.591175,1a2b3c4d5e6f7g8h9i154,True,,2019-08-1014:38:56
|VALIDATE  SUCCESS|
SOURCE DATA,155,@@@,2022-04-1314:58:19.591175,insert_test2函数所造test,,2022-04-1314:58:19.591175,1a2b3c4d5e6f7g8h9i155,True,,2019-08-1014:38:57
TARGET DATA,155,@@@,2022-04-1314:58:19.591175,insert_test2函数所造test,,2022-04-1314:58:19.591175,1a2b3c4d5e6f7g8h9i155,True,,2019-08-1014:38:57
|VALIDATE  SUCCESS|
SOURCE DATA,156,@@@,2022-04-1314:58:19.591175,insert_test2函数所造test,,2022-04-1314:58:19.591175,1a2b3c4d5e6f7g8h9i156,True,,2019-08-1014:38:58
TARGET DATA,156,@@@,2022-04-1314:58:19.591175,insert_test2函数所造test,,2022-04-1314:58:19.591175,1a2b3c4d5e6f7g8h9i156,True,,2019-08-1014:38:58
|VALIDATE  SUCCESS|
SOURCE DATA,157,@@@,2022-04-1314:58:19.591175,insert_test2函数所造test,,2022-04-1314:58:19.591175,1a2b3c4d5e6f7g8h9i157,True,,2019-08-1014:38:59
TARGET DATA,157,@@@,2022-04-1314:58:19.591175,insert_test2函数所造test,,2022-04-1314:58:19.591175,1a2b3c4d5e6f7g8h9i157,True,,2019-08-1014:38:59
|VALIDATE  SUCCESS|
SOURCE DATA,158,@@@,2022-04-1314:58:19.591175,insert_test2函数所造test,,2022-04-1314:58:19.591175,1a2b3c4d5e6f7g8h9i158,True,,2019-08-1014:39:00
TARGET DATA,158,@@@,2022-04-1314:58:19.591175,insert_test2函数所造test,,2022-04-1314:58:19.591175,1a2b3c4d5e6f7g8h9i158,True,,2019-08-1014:39:00
|VALIDATE  SUCCESS|
SOURCE DATA,159,@@@,2022-04-1314:58:19.591175,insert_test2函数所造test,,2022-04-1314:58:19.591175,1a2b3c4d5e6f7g8h9i159,True,,2019-08-1014:39:01
TARGET DATA,159,@@@,2022-04-1314:58:19.591175,insert_test2函数所造test,,2022-04-1314:58:19.591175,1a2b3c4d5e6f7g8h9i159,True,,2019-08-1014:39:01
|VALIDATE  SUCCESS|
SOURCE DATA,160,@@@,2022-04-1314:58:19.591175,insert_test2函数所造test,,2022-04-1314:58:19.591175,1a2b3c4d5e6f7g8h9i160,True,,2019-08-1014:39:02
TARGET DATA,160,@@@,2022-04-1314:58:19.591175,insert_test2函数所造test,,2022-04-1314:58:19.591175,1a2b3c4d5e6f7g8h9i160,True,,2019-08-1014:39:02
|VALIDATE  SUCCESS|
SOURCE DATA,161,@@@,2022-04-1314:58:19.591175,insert_test2函数所造test,,2022-04-1314:58:19.591175,1a2b3c4d5e6f7g8h9i161,True,,2019-08-1014:39:03
TARGET DATA,161,@@@,2022-04-1314:58:19.591175,insert_test2函数所造test,,2022-04-1314:58:19.591175,1a2b3c4d5e6f7g8h9i161,True,,2019-08-1014:39:03
|VALIDATE  SUCCESS|
SOURCE DATA,162,@@@,2022-04-1314:58:19.591175,insert_test2函数所造test,,2022-04-1314:58:19.591175,1a2b3c4d5e6f7g8h9i162,True,,2019-08-1014:39:04
TARGET DATA,162,@@@,2022-04-1314:58:19.591175,insert_test2函数所造test,,2022-04-1314:58:19.591175,1a2b3c4d5e6f7g8h9i162,True,,2019-08-1014:39:04
|VALIDATE  SUCCESS|
SOURCE DATA,163,@@@,2022-04-1314:58:19.591175,insert_test2函数所造test,,2022-04-1314:58:19.591175,1a2b3c4d5e6f7g8h9i163,True,,2019-08-1014:39:05
TARGET DATA,163,@@@,2022-04-1314:58:19.591175,insert_test2函数所造test,,2022-04-1314:58:19.591175,1a2b3c4d5e6f7g8h9i163,True,,2019-08-1014:39:05
|VALIDATE  SUCCESS|
SOURCE DATA,164,@@@,2022-04-1314:58:19.591175,insert_test2函数所造test,,2022-04-1314:58:19.591175,1a2b3c4d5e6f7g8h9i164,True,,2019-08-1014:39:06
TARGET DATA,164,@@@,2022-04-1314:58:19.591175,insert_test2函数所造test,,2022-04-1314:58:19.591175,1a2b3c4d5e6f7g8h9i164,True,,2019-08-1014:39:06
|VALIDATE  SUCCESS|
SOURCE DATA,165,@@@,2022-04-1314:58:19.591175,insert_test2函数所造test,,2022-04-1314:58:19.591175,1a2b3c4d5e6f7g8h9i165,True,,2019-08-1014:39:07
TARGET DATA,165,@@@,2022-04-1314:58:19.591175,insert_test2函数所造test,,2022-04-1314:58:19.591175,1a2b3c4d5e6f7g8h9i165,True,,2019-08-1014:39:07
|VALIDATE  SUCCESS|
SOURCE DATA,166,@@@,2022-04-1314:58:19.591175,insert_test2函数所造test,,2022-04-1314:58:19.591175,1a2b3c4d5e6f7g8h9i166,True,,2019-08-1014:39:08
TARGET DATA,166,@@@,2022-04-1314:58:19.591175,insert_test2函数所造test,,2022-04-1314:58:19.591175,1a2b3c4d5e6f7g8h9i166,True,,2019-08-1014:39:08
|VALIDATE  SUCCESS|
SOURCE DATA,167,@@@,2022-04-1314:58:19.591175,insert_test2函数所造test,,2022-04-1314:58:19.591175,1a2b3c4d5e6f7g8h9i167,True,,2019-08-1014:39:09
TARGET DATA,167,@@@,2022-04-1314:58:19.591175,insert_test2函数所造test,,2022-04-1314:58:19.591175,1a2b3c4d5e6f7g8h9i167,True,,2019-08-1014:39:09
|VALIDATE  SUCCESS|
SOURCE DATA,168,@@@,2022-04-1314:58:19.591175,insert_test2函数所造test,,2022-04-1314:58:19.591175,1a2b3c4d5e6f7g8h9i168,True,,2019-08-1014:39:10
TARGET DATA,168,@@@,2022-04-1314:58:19.591175,insert_test2函数所造test,,2022-04-1314:58:19.591175,1a2b3c4d5e6f7g8h9i168,True,,2019-08-1014:39:10
|VALIDATE  SUCCESS|
SOURCE DATA,169,@@@,2022-04-1314:58:19.591175,insert_test2函数所造test,,2022-04-1314:58:19.591175,1a2b3c4d5e6f7g8h9i169,True,,2019-08-1014:39:11
TARGET DATA,169,@@@,2022-04-1314:58:19.591175,insert_test2函数所造test,,2022-04-1314:58:19.591175,1a2b3c4d5e6f7g8h9i169,True,,2019-08-1014:39:11
|VALIDATE  SUCCESS|
SOURCE DATA,170,@@@,2022-04-1314:58:19.591175,insert_test2函数所造test,,2022-04-1314:58:19.591175,1a2b3c4d5e6f7g8h9i170,True,,2019-08-1014:39:12
TARGET DATA,170,@@@,2022-04-1314:58:19.591175,insert_test2函数所造test,,2022-04-1314:58:19.591175,1a2b3c4d5e6f7g8h9i170,True,,2019-08-1014:39:12
|VALIDATE  SUCCESS|
SOURCE DATA,171,@@@,2022-04-1314:58:19.591175,insert_test2函数所造test,,2022-04-1314:58:19.591175,1a2b3c4d5e6f7g8h9i171,True,,2019-08-1014:39:13
TARGET DATA,171,@@@,2022-04-1314:58:19.591175,insert_test2函数所造test,,2022-04-1314:58:19.591175,1a2b3c4d5e6f7g8h9i171,True,,2019-08-1014:39:13
|VALIDATE  SUCCESS|
SOURCE DATA,172,@@@,2022-04-1314:58:19.591175,insert_test2函数所造test,,2022-04-1314:58:19.591175,1a2b3c4d5e6f7g8h9i172,True,,2019-08-1014:39:14
TARGET DATA,172,@@@,2022-04-1314:58:19.591175,insert_test2函数所造test,,2022-04-1314:58:19.591175,1a2b3c4d5e6f7g8h9i172,True,,2019-08-1014:39:14
|VALIDATE  SUCCESS|
SOURCE DATA,173,@@@,2022-04-1314:58:19.591175,insert_test2函数所造test,,2022-04-1314:58:19.591175,1a2b3c4d5e6f7g8h9i173,True,,2019-08-1014:39:15
TARGET DATA,173,@@@,2022-04-1314:58:19.591175,insert_test2函数所造test,,2022-04-1314:58:19.591175,1a2b3c4d5e6f7g8h9i173,True,,2019-08-1014:39:15
|VALIDATE  SUCCESS|
SOURCE DATA,174,@@@,2022-04-1314:58:19.591175,insert_test2函数所造test,,2022-04-1314:58:19.591175,1a2b3c4d5e6f7g8h9i174,True,,2019-08-1014:39:16
TARGET DATA,174,@@@,2022-04-1314:58:19.591175,insert_test2函数所造test,,2022-04-1314:58:19.591175,1a2b3c4d5e6f7g8h9i174,True,,2019-08-1014:39:16
|VALIDATE  SUCCESS|
SOURCE DATA,175,@@@,2022-04-1314:58:19.591175,insert_test2函数所造test,,2022-04-1314:58:19.591175,1a2b3c4d5e6f7g8h9i175,True,,2019-08-1014:39:17
TARGET DATA,175,@@@,2022-04-1314:58:19.591175,insert_test2函数所造test,,2022-04-1314:58:19.591175,1a2b3c4d5e6f7g8h9i175,True,,2019-08-1014:39:17
|VALIDATE  SUCCESS|
SOURCE DATA,176,@@@,2022-04-1314:58:19.591175,insert_test2函数所造test,,2022-04-1314:58:19.591175,1a2b3c4d5e6f7g8h9i176,True,,2019-08-1014:39:18
TARGET DATA,176,@@@,2022-04-1314:58:19.591175,insert_test2函数所造test,,2022-04-1314:58:19.591175,1a2b3c4d5e6f7g8h9i176,True,,2019-08-1014:39:18
|VALIDATE  SUCCESS|
SOURCE DATA,177,@@@,2022-04-1314:58:19.591175,insert_test2函数所造test,,2022-04-1314:58:19.591175,1a2b3c4d5e6f7g8h9i177,True,,2019-08-1014:39:19
TARGET DATA,177,@@@,2022-04-1314:58:19.591175,insert_test2函数所造test,,2022-04-1314:58:19.591175,1a2b3c4d5e6f7g8h9i177,True,,2019-08-1014:39:19
|VALIDATE  SUCCESS|
SOURCE DATA,178,@@@,2022-04-1314:58:19.591175,insert_test2函数所造test,,2022-04-1314:58:19.591175,1a2b3c4d5e6f7g8h9i178,True,,2019-08-1014:39:20
TARGET DATA,178,@@@,2022-04-1314:58:19.591175,insert_test2函数所造test,,2022-04-1314:58:19.591175,1a2b3c4d5e6f7g8h9i178,True,,2019-08-1014:39:20
|VALIDATE  SUCCESS|
SOURCE DATA,179,@@@,2022-04-1314:58:19.591175,insert_test2函数所造test,,2022-04-1314:58:19.591175,1a2b3c4d5e6f7g8h9i179,True,,2019-08-1014:39:21
TARGET DATA,179,@@@,2022-04-1314:58:19.591175,insert_test2函数所造test,,2022-04-1314:58:19.591175,1a2b3c4d5e6f7g8h9i179,True,,2019-08-1014:39:21
|VALIDATE  SUCCESS|
SOURCE DATA,180,@@@,2022-04-1314:58:19.591175,insert_test2函数所造test,,2022-04-1314:58:19.591175,1a2b3c4d5e6f7g8h9i180,True,,2019-08-1014:39:22
TARGET DATA,180,@@@,2022-04-1314:58:19.591175,insert_test2函数所造test,,2022-04-1314:58:19.591175,1a2b3c4d5e6f7g8h9i180,True,,2019-08-1014:39:22
|VALIDATE  SUCCESS|
SOURCE DATA,181,@@@,2022-04-1314:58:19.591175,insert_test2函数所造test,,2022-04-1314:58:19.591175,1a2b3c4d5e6f7g8h9i181,True,,2019-08-1014:39:23
TARGET DATA,181,@@@,2022-04-1314:58:19.591175,insert_test2函数所造test,,2022-04-1314:58:19.591175,1a2b3c4d5e6f7g8h9i181,True,,2019-08-1014:39:23
|VALIDATE  SUCCESS|
SOURCE DATA,182,@@@,2022-04-1314:58:19.591175,insert_test2函数所造test,,2022-04-1314:58:19.591175,1a2b3c4d5e6f7g8h9i182,True,,2019-08-1014:39:24
TARGET DATA,182,@@@,2022-04-1314:58:19.591175,insert_test2函数所造test,,2022-04-1314:58:19.591175,1a2b3c4d5e6f7g8h9i182,True,,2019-08-1014:39:24
|VALIDATE  SUCCESS|
SOURCE DATA,183,@@@,2022-04-1314:58:19.591175,insert_test2函数所造test,,2022-04-1314:58:19.591175,1a2b3c4d5e6f7g8h9i183,True,,2019-08-1014:39:25
TARGET DATA,183,@@@,2022-04-1314:58:19.591175,insert_test2函数所造test,,2022-04-1314:58:19.591175,1a2b3c4d5e6f7g8h9i183,True,,2019-08-1014:39:25
|VALIDATE  SUCCESS|
SOURCE DATA,184,@@@,2022-04-1314:58:19.591175,insert_test2函数所造test,,2022-04-1314:58:19.591175,1a2b3c4d5e6f7g8h9i184,True,,2019-08-1014:39:26
TARGET DATA,184,@@@,2022-04-1314:58:19.591175,insert_test2函数所造test,,2022-04-1314:58:19.591175,1a2b3c4d5e6f7g8h9i184,True,,2019-08-1014:39:26
|VALIDATE  SUCCESS|
SOURCE DATA,185,@@@,2022-04-1314:58:19.591175,insert_test2函数所造test,,2022-04-1314:58:19.591175,1a2b3c4d5e6f7g8h9i185,True,,2019-08-1014:39:27
TARGET DATA,185,@@@,2022-04-1314:58:19.591175,insert_test2函数所造test,,2022-04-1314:58:19.591175,1a2b3c4d5e6f7g8h9i185,True,,2019-08-1014:39:27
|VALIDATE  SUCCESS|
SOURCE DATA,186,@@@,2022-04-1314:58:19.591175,insert_test2函数所造test,,2022-04-1314:58:19.591175,1a2b3c4d5e6f7g8h9i186,True,,2019-08-1014:39:28
TARGET DATA,186,@@@,2022-04-1314:58:19.591175,insert_test2函数所造test,,2022-04-1314:58:19.591175,1a2b3c4d5e6f7g8h9i186,True,,2019-08-1014:39:28
|VALIDATE  SUCCESS|
SOURCE DATA,187,@@@,2022-04-1314:58:19.591175,insert_test2函数所造test,,2022-04-1314:58:19.591175,1a2b3c4d5e6f7g8h9i187,True,,2019-08-1014:39:29
TARGET DATA,187,@@@,2022-04-1314:58:19.591175,insert_test2函数所造test,,2022-04-1314:58:19.591175,1a2b3c4d5e6f7g8h9i187,True,,2019-08-1014:39:29
|VALIDATE  SUCCESS|
SOURCE DATA,188,@@@,2022-04-1314:58:19.591175,insert_test2函数所造test,,2022-04-1314:58:19.591175,1a2b3c4d5e6f7g8h9i188,True,,2019-08-1014:39:30
TARGET DATA,188,@@@,2022-04-1314:58:19.591175,insert_test2函数所造test,,2022-04-1314:58:19.591175,1a2b3c4d5e6f7g8h9i188,True,,2019-08-1014:39:30
|VALIDATE  SUCCESS|
SOURCE DATA,189,@@@,2022-04-1314:58:19.591175,insert_test2函数所造test,,2022-04-1314:58:19.591175,1a2b3c4d5e6f7g8h9i189,True,,2019-08-1014:39:31
TARGET DATA,189,@@@,2022-04-1314:58:19.591175,insert_test2函数所造test,,2022-04-1314:58:19.591175,1a2b3c4d5e6f7g8h9i189,True,,2019-08-1014:39:31
|VALIDATE  SUCCESS|
SOURCE DATA,190,@@@,2022-04-1314:58:19.591175,insert_test2函数所造test,,2022-04-1314:58:19.591175,1a2b3c4d5e6f7g8h9i190,True,,2019-08-1014:39:32
TARGET DATA,190,@@@,2022-04-1314:58:19.591175,insert_test2函数所造test,,2022-04-1314:58:19.591175,1a2b3c4d5e6f7g8h9i190,True,,2019-08-1014:39:32
|VALIDATE  SUCCESS|
SOURCE DATA,191,@@@,2022-04-1314:58:19.591175,insert_test2函数所造test,,2022-04-1314:58:19.591175,1a2b3c4d5e6f7g8h9i191,True,,2019-08-1014:39:33
TARGET DATA,191,@@@,2022-04-1314:58:19.591175,insert_test2函数所造test,,2022-04-1314:58:19.591175,1a2b3c4d5e6f7g8h9i191,True,,2019-08-1014:39:33
|VALIDATE  SUCCESS|
SOURCE DATA,192,@@@,2022-04-1314:58:19.591175,insert_test2函数所造test,,2022-04-1314:58:19.591175,1a2b3c4d5e6f7g8h9i192,True,,2019-08-1014:39:34
TARGET DATA,192,@@@,2022-04-1314:58:19.591175,insert_test2函数所造test,,2022-04-1314:58:19.591175,1a2b3c4d5e6f7g8h9i192,True,,2019-08-1014:39:34
|VALIDATE  SUCCESS|
SOURCE DATA,193,@@@,2022-04-1314:58:19.591175,insert_test2函数所造test,,2022-04-1314:58:19.591175,1a2b3c4d5e6f7g8h9i193,True,,2019-08-1014:39:35
TARGET DATA,193,@@@,2022-04-1314:58:19.591175,insert_test2函数所造test,,2022-04-1314:58:19.591175,1a2b3c4d5e6f7g8h9i193,True,,2019-08-1014:39:35
|VALIDATE  SUCCESS|
SOURCE DATA,194,@@@,2022-04-1314:58:19.591175,insert_test2函数所造test,,2022-04-1314:58:19.591175,1a2b3c4d5e6f7g8h9i194,True,,2019-08-1014:39:36
TARGET DATA,194,@@@,2022-04-1314:58:19.591175,insert_test2函数所造test,,2022-04-1314:58:19.591175,1a2b3c4d5e6f7g8h9i194,True,,2019-08-1014:39:36
|VALIDATE  SUCCESS|
SOURCE DATA,195,@@@,2022-04-1314:58:19.591175,insert_test2函数所造test,,2022-04-1314:58:19.591175,1a2b3c4d5e6f7g8h9i195,True,,2019-08-1014:39:37
TARGET DATA,195,@@@,2022-04-1314:58:19.591175,insert_test2函数所造test,,2022-04-1314:58:19.591175,1a2b3c4d5e6f7g8h9i195,True,,2019-08-1014:39:37
|VALIDATE  SUCCESS|
SOURCE DATA,196,@@@,2022-04-1314:58:19.591175,insert_test2函数所造test,,2022-04-1314:58:19.591175,1a2b3c4d5e6f7g8h9i196,True,,2019-08-1014:39:38
TARGET DATA,196,@@@,2022-04-1314:58:19.591175,insert_test2函数所造test,,2022-04-1314:58:19.591175,1a2b3c4d5e6f7g8h9i196,True,,2019-08-1014:39:38
|VALIDATE  SUCCESS|
SOURCE DATA,197,@@@,2022-04-1314:58:19.591175,insert_test2函数所造test,,2022-04-1314:58:19.591175,1a2b3c4d5e6f7g8h9i197,True,,2019-08-1014:39:39
TARGET DATA,197,@@@,2022-04-1314:58:19.591175,insert_test2函数所造test,,2022-04-1314:58:19.591175,1a2b3c4d5e6f7g8h9i197,True,,2019-08-1014:39:39
|VALIDATE  SUCCESS|
SOURCE DATA,198,@@@,2022-04-1314:58:19.591175,insert_test2函数所造test,,2022-04-1314:58:19.591175,1a2b3c4d5e6f7g8h9i198,True,,2019-08-1014:39:40
TARGET DATA,198,@@@,2022-04-1314:58:19.591175,insert_test2函数所造test,,2022-04-1314:58:19.591175,1a2b3c4d5e6f7g8h9i198,True,,2019-08-1014:39:40
|VALIDATE  SUCCESS|
SOURCE DATA,199,@@@,2022-04-1314:58:19.591175,insert_test2函数所造test,,2022-04-1314:58:19.591175,1a2b3c4d5e6f7g8h9i199,True,,2019-08-1014:39:41
TARGET DATA,199,@@@,2022-04-1314:58:19.591175,insert_test2函数所造test,,2022-04-1314:58:19.591175,1a2b3c4d5e6f7g8h9i199,True,,2019-08-1014:39:41
|VALIDATE  SUCCESS|
SOURCE DATA,200,@@@,2022-04-1314:58:19.591175,insert_test2函数所造test,,2022-04-1314:58:19.591175,1a2b3c4d5e6f7g8h9i200,True,,2019-08-1014:39:42
TARGET DATA,200,@@@,2022-04-1314:58:19.591175,insert_test2函数所造test,,2022-04-1314:58:19.591175,1a2b3c4d5e6f7g8h9i200,True,,2019-08-1014:39:42
|VALIDATE  SUCCESS|
